model,dataset,split,num_images,aAcc,mIoU,mAcc
combined_weather,diff_lightning,test,414,94.65673234727647,89.71834117173438,94.24940618719897
combined_weather,snow_light,test,385,94.81130773370916,89.94008451602569,94.41320895196299
combined_weather,snow_middle_4mm,test,378,94.7062477232918,89.83885644942296,94.3795704113256
combined_weather,rain_light_0p4mm,test,334,94.66591852153846,89.72178988611935,94.28265769005434
combined_weather,fog_mist_500m,test,356,94.73875131499902,89.98274279370473,94.4169185962628
combined_weather,snow_heavy_20mm,test,307,94.45911805093871,89.24602988945786,94.02899963509711
combined_weather,moderate_fog_200m,test,426,94.62365925032208,89.54938630911646,94.1743811915801
