model,dataset,split,num_images,aAcc,mIoU,mAcc
railsem19_ddrnet,Different Lighting Conditions,test,414,12.868522330758653,4.050553529173811,15.021546069522326
railsem19_ddrnet,Fog Mist or Shallow Fog 500m Visibility,test,356,12.476978409156372,3.7298278839997554,14.95721057344779
railsem19_ddrnet,Moderate Fog 200m visibility,test,426,12.45175258654384,3.5980242460460996,15.084807346479929
railsem19_ddrnet,Rain_light 0.4 mm mm2 per hour,test,334,12.710419957509297,3.962837568401451,14.816424472954889
railsem19_ddrnet,Snow_middle 4 mm mm2 per hour,test,378,13.519612569657582,3.7288640781934492,16.50894979293243
railsem19_ddrnet,Snow_Heavy 20 mm mm2 per hour,test,307,13.560224899639914,3.8450810719865345,16.541951499081918
railsem19_ddrnet,Snow_Light Less than 0.5 mm2 per hour,test,385,13.298204595392402,3.5571499083993965,16.471964362764353
